feature,importance
is_dublin,0.5766638550191002
bedrooms_num,0.1327166791124934
county_encoded,0.11709034230167238
property_type_encoded,0.0717150561568535
year,0.0644816582844101
bedrooms_encoded,0.019111281158066363
is_city,0.01242562545411731
half,0.005795502513286814
