metric,value
Overall Mean,1278.21813111546
Overall Median,1170.44
Dublin Mean,1785.622558351806
Non-Dublin Mean,1015.5597070536619
Dublin Premium %,75.82644781489486
Model R2 Score,0.8557966697787122
Model MAE (€),130.35170950940406
